make,model,year,trim,body_type,fuel_type,transmission,doors,seats,price_ils,currency,price_source,last_updated,notes
Toyota,Corolla,2025,Base,מיני,בנזין,אוטומטי,5,7,72000,ILS,אומדן שוק 2025 (דמו),2025-08-28,דמו 2025 ל-Cursor; אמת מול מחירון ישראלי עדכני
Toyota,Corolla,2025,Base,מנהלים,היברידי,אוטומטי,3,5,209000,ILS,אומדן שוק 2025 (דמו),2025-08-28,דמו 2025 ל-Cursor; אמת מול מחירון ישראלי עדכני
Toyota,Yaris,2025,Premium,סטיישן,היברידי,אוטומטי,5,4,172000,ILS,אומדן שוק 2025 (דמו),2025-08-28,דמו 2025 ל-Cursor; אמת מול מחירון ישראלי עדכני
Toyota,Yaris,2025,Base,קרוסאובר,בנזין,אוטומטי,3,7,135000,ILS,אומדן שוק 2025 (דמו),2025-08-28,דמו 2025 ל-Cursor; אמת מול מחירון ישראלי עדכני
Toyota,C-HR,2025,Premium,קומפקטית,היברידי,ידני,5,5,146000,ILS,אומדן שוק 2025 (דמו),2025-08-28,דמו 2025 ל-Cursor; אמת מול מחירון ישראלי עדכני
Toyota,C-HR,2025,Style,היברידי,היברידי,רובוטי,5,4,186000,ILS,אומדן שוק 2025 (דמו),2025-08-28,דמו 2025 ל-Cursor; אמת מול מחירון ישראלי עדכני
Toyota,RAV4,2025,Base,חשמלי,בנזין,רובוטי,5,7,202000,ILS,אומדן שוק 2025 (דמו),2025-08-28,דמו 2025 ל-Cursor; אמת מול מחירון ישראלי עדכני
Toyota,RAV4,2025,Premium,סטיישן,בנזין,ידני,5,5,160000,ILS,אומדן שוק 2025 (דמו),2025-08-28,דמו 2025 ל-Cursor; אמת מול מחירון ישראלי עדכני
Toyota,Camry,2025,Base,סטיישן,בנזין,רובוטי,5,4,185000,ILS,אומדן שוק 2025 (דמו),2025-08-28,דמו 2025 ל-Cursor; אמת מול מחירון ישראלי עדכני
Toyota,Camry,2025,Base,מיני,בנזין,ידני,5,5,83000,ILS,אומדן שוק 2025 (דמו),2025-08-28,דמו 2025 ל-Cursor; אמת מול מחירון ישראלי עדכני
Toyota,bZ4X,2025,Base,חשמלי,חשמלי,ידני,5,4,127000,ILS,אומדן שוק 2025 (דמו),2025-08-28,דמו 2025 ל-Cursor; אמת מול מחירון ישראלי עדכני
Toyota,bZ4X,2025,Comfort,קרוסאובר,חשמלי,רובוטי,3,7,188000,ILS,אומדן שוק 2025 (דמו),2025-08-28,דמו 2025 ל-Cursor; אמת מול מחירון ישראלי עדכני
Hyundai,i10,2025,Comfort,מנהלים,בנזין,ידני,5,4,242000,ILS,אומדן שוק 2025 (דמו),2025-08-28,דמו 2025 ל-Cursor; אמת מול מחירון ישראלי עדכני
Hyundai,i10,2025,Premium,מיניוואן,בנזין,רובוטי,3,4,171000,ILS,אומדן שוק 2025 (דמו),2025-08-28,דמו 2025 ל-Cursor; אמת מול מחירון ישראלי עדכני
Hyundai,i20,2025,Style,קומפקטית,היברידי,ידני,5,5,122000,ILS,אומדן שוק 2025 (דמו),2025-08-28,דמו 2025 ל-Cursor; אמת מול מחירון ישראלי עדכני
Hyundai,i20,2025,Base,מיניוואן,היברידי,ידני,5,7,202000,ILS,אומדן שוק 2025 (דמו),2025-08-28,דמו 2025 ל-Cursor; אמת מול מחירון ישראלי עדכני
Hyundai,i30,2025,Premium,סופר־מיני,היברידי,אוטומטי,5,4,103000,ILS,אומדן שוק 2025 (דמו),2025-08-28,דמו 2025 ל-Cursor; אמת מול מחירון ישראלי עדכני
Hyundai,i30,2025,Premium,היברידי,היברידי,אוטומטי,5,5,224000,ILS,אומדן שוק 2025 (דמו),2025-08-28,דמו 2025 ל-Cursor; אמת מול מחירון ישראלי עדכני
Hyundai,Elantra,2025,Comfort,קרוסאובר,חשמלי,רובוטי,3,7,173000,ILS,אומדן שוק 2025 (דמו),2025-08-28,דמו 2025 ל-Cursor; אמת מול מחירון ישראלי עדכני
Hyundai,Elantra,2025,Comfort,מיני,חשמלי,רובוטי,3,7,95000,ILS,אומדן שוק 2025 (דמו),2025-08-28,דמו 2025 ל-Cursor; אמת מול מחירון ישראלי עדכני
Hyundai,Kona,2025,Style,סופר־מיני,בנזין,אוטומטי,5,5,112000,ILS,אומדן שוק 2025 (דמו),2025-08-28,דמו 2025 ל-Cursor; אמת מול מחירון ישראלי עדכני
Hyundai,Kona,2025,Style,מיני,בנזין,ידני,3,7,80000,ILS,אומדן שוק 2025 (דמו),2025-08-28,דמו 2025 ל-Cursor; אמת מול מחירון ישראלי עדכני
Hyundai,Tucson,2025,Comfort,קומפקטית,היברידי,רובוטי,3,5,135000,ILS,אומדן שוק 2025 (דמו),2025-08-28,דמו 2025 ל-Cursor; אמת מול מחירון ישראלי עדכני
Hyundai,Tucson,2025,Premium,חשמלי,בנזין,רובוטי,5,4,194000,ILS,אומדן שוק 2025 (דמו),2025-08-28,דמו 2025 ל-Cursor; אמת מול מחירון ישראלי עדכני
Hyundai,Ioniq 5,2025,Comfort,קומפקטית,חשמלי,רובוטי,3,7,127000,ILS,אומדן שוק 2025 (דמו),2025-08-28,דמו 2025 ל-Cursor; אמת מול מחירון ישראלי עדכני
Hyundai,Ioniq 5,2025,Comfort,סטיישן,חשמלי,ידני,5,4,170000,ILS,אומדן שוק 2025 (דמו),2025-08-28,דמו 2025 ל-Cursor; אמת מול מחירון ישראלי עדכני
Kia,Picanto,2025,Style,מנהלים,בנזין,רובוטי,3,7,198000,ILS,אומדן שוק 2025 (דמו),2025-08-28,דמו 2025 ל-Cursor; אמת מול מחירון ישראלי עדכני
Kia,Picanto,2025,Comfort,סטיישן,היברידי,אוטומטי,3,5,142000,ILS,אומדן שוק 2025 (דמו),2025-08-28,דמו 2025 ל-Cursor; אמת מול מחירון ישראלי עדכני
Kia,Rio,2025,Style,חשמלי,היברידי,ידני,3,7,135000,ILS,אומדן שוק 2025 (דמו),2025-08-28,דמו 2025 ל-Cursor; אמת מול מחירון ישראלי עדכני
Kia,Rio,2025,Premium,משפחתית,בנזין,ידני,5,4,139000,ILS,אומדן שוק 2025 (דמו),2025-08-28,דמו 2025 ל-Cursor; אמת מול מחירון ישראלי עדכני
Kia,Cerato,2025,Comfort,מנהלים,היברידי,ידני,3,7,229000,ILS,אומדן שוק 2025 (דמו),2025-08-28,דמו 2025 ל-Cursor; אמת מול מחירון ישראלי עדכני
Kia,Cerato,2025,Premium,חשמלי,בנזין,רובוטי,3,7,214000,ILS,אומדן שוק 2025 (דמו),2025-08-28,דמו 2025 ל-Cursor; אמת מול מחירון ישראלי עדכני
Kia,Stonic,2025,Premium,מיני,בנזין,רובוטי,5,4,92000,ILS,אומדן שוק 2025 (דמו),2025-08-28,דמו 2025 ל-Cursor; אמת מול מחירון ישראלי עדכני
Kia,Stonic,2025,Comfort,קרוסאובר,היברידי,אוטומטי,5,4,175000,ILS,אומדן שוק 2025 (דמו),2025-08-28,דמו 2025 ל-Cursor; אמת מול מחירון ישראלי עדכני
Kia,Sportage,2025,Comfort,SUV,בנזין,ידני,5,5,262000,ILS,אומדן שוק 2025 (דמו),2025-08-28,דמו 2025 ל-Cursor; אמת מול מחירון ישראלי עדכני
Kia,Sportage,2025,Style,היברידי,היברידי,ידני,5,4,153000,ILS,אומדן שוק 2025 (דמו),2025-08-28,דמו 2025 ל-Cursor; אמת מול מחירון ישראלי עדכני
Kia,Sorento,2025,Premium,SUV,היברידי,ידני,5,4,276000,ILS,אומדן שוק 2025 (דמו),2025-08-28,דמו 2025 ל-Cursor; אמת מול מחירון ישראלי עדכני
Kia,Sorento,2025,Premium,מיני,היברידי,ידני,5,4,91000,ILS,אומדן שוק 2025 (דמו),2025-08-28,דמו 2025 ל-Cursor; אמת מול מחירון ישראלי עדכני
Kia,EV6,2025,Style,מיניוואן,חשמלי,רובוטי,3,4,203000,ILS,אומדן שוק 2025 (דמו),2025-08-28,דמו 2025 ל-Cursor; אמת מול מחירון ישראלי עדכני
Kia,EV6,2025,Premium,סטיישן,חשמלי,ידני,5,7,141000,ILS,אומדן שוק 2025 (דמו),2025-08-28,דמו 2025 ל-Cursor; אמת מול מחירון ישראלי עדכני
Mazda,2,2025,Comfort,קומפקטית,בנזין,רובוטי,5,4,141000,ILS,אומדן שוק 2025 (דמו),2025-08-28,דמו 2025 ל-Cursor; אמת מול מחירון ישראלי עדכני
Mazda,2,2025,Style,מיניוואן,היברידי,ידני,3,5,211000,ILS,אומדן שוק 2025 (דמו),2025-08-28,דמו 2025 ל-Cursor; אמת מול מחירון ישראלי עדכני
Mazda,3,2025,Style,SUV,היברידי,רובוטי,3,5,289000,ILS,אומדן שוק 2025 (דמו),2025-08-28,דמו 2025 ל-Cursor; אמת מול מחירון ישראלי עדכני
Mazda,3,2025,Base,משפחתית,היברידי,רובוטי,3,4,151000,ILS,אומדן שוק 2025 (דמו),2025-08-28,דמו 2025 ל-Cursor; אמת מול מחירון ישראלי עדכני
Mazda,CX-30,2025,Comfort,מיני,בנזין,רובוטי,5,5,84000,ILS,אומדן שוק 2025 (דמו),2025-08-28,דמו 2025 ל-Cursor; אמת מול מחירון ישראלי עדכני
Mazda,CX-30,2025,Base,מנהלים,בנזין,רובוטי,5,4,189000,ILS,אומדן שוק 2025 (דמו),2025-08-28,דמו 2025 ל-Cursor; אמת מול מחירון ישראלי עדכני
Mazda,CX-5,2025,Premium,סטיישן,בנזין,אוטומטי,3,7,170000,ILS,אומדן שוק 2025 (דמו),2025-08-28,דמו 2025 ל-Cursor; אמת מול מחירון ישראלי עדכני
Mazda,CX-5,2025,Style,סופר־מיני,בנזין,אוטומטי,5,4,106000,ILS,אומדן שוק 2025 (דמו),2025-08-28,דמו 2025 ל-Cursor; אמת מול מחירון ישראלי עדכני
Mazda,6,2025,Comfort,משפחתית,בנזין,אוטומטי,3,5,175000,ILS,אומדן שוק 2025 (דמו),2025-08-28,דמו 2025 ל-Cursor; אמת מול מחירון ישראלי עדכני
Mazda,6,2025,Style,היברידי,היברידי,ידני,3,4,221000,ILS,אומדן שוק 2025 (דמו),2025-08-28,דמו 2025 ל-Cursor; אמת מול מחירון ישראלי עדכני
Mazda,MX-30,2025,Style,משפחתית,בנזין,אוטומטי,5,7,165000,ILS,אומדן שוק 2025 (דמו),2025-08-28,דמו 2025 ל-Cursor; אמת מול מחירון ישראלי עדכני
Mazda,MX-30,2025,Base,SUV,היברידי,ידני,5,4,279000,ILS,אומדן שוק 2025 (דמו),2025-08-28,דמו 2025 ל-Cursor; אמת מול מחירון ישראלי עדכני
Honda,Jazz,2025,Premium,מיניוואן,בנזין,רובוטי,3,5,186000,ILS,אומדן שוק 2025 (דמו),2025-08-28,דמו 2025 ל-Cursor; אמת מול מחירון ישראלי עדכני
Honda,Jazz,2025,Base,משפחתית,בנזין,רובוטי,3,5,135000,ILS,אומדן שוק 2025 (דמו),2025-08-28,דמו 2025 ל-Cursor; אמת מול מחירון ישראלי עדכני
Honda,Civic,2025,Style,סופר־מיני,בנזין,ידני,3,5,99000,ILS,אומדן שוק 2025 (דמו),2025-08-28,דמו 2025 ל-Cursor; אמת מול מחירון ישראלי עדכני
Honda,Civic,2025,Comfort,קומפקטית,היברידי,רובוטי,3,4,139000,ILS,אומדן שוק 2025 (דמו),2025-08-28,דמו 2025 ל-Cursor; אמת מול מחירון ישראלי עדכני
Honda,HR-V,2025,Base,סטיישן,היברידי,ידני,3,5,164000,ILS,אומדן שוק 2025 (דמו),2025-08-28,דמו 2025 ל-Cursor; אמת מול מחירון ישראלי עדכני
Honda,HR-V,2025,Premium,סופר־מיני,היברידי,אוטומטי,3,4,97000,ILS,אומדן שוק 2025 (דמו),2025-08-28,דמו 2025 ל-Cursor; אמת מול מחירון ישראלי עדכני
Honda,CR-V,2025,Premium,סופר־מיני,היברידי,רובוטי,3,7,92000,ILS,אומדן שוק 2025 (דמו),2025-08-28,דמו 2025 ל-Cursor; אמת מול מחירון ישראלי עדכני
Honda,CR-V,2025,Base,קרוסאובר,היברידי,רובוטי,3,4,156000,ILS,אומדן שוק 2025 (דמו),2025-08-28,דמו 2025 ל-Cursor; אמת מול מחירון ישראלי עדכני
Honda,Accord,2025,Comfort,היברידי,בנזין,אוטומטי,3,5,170000,ILS,אומדן שוק 2025 (דמו),2025-08-28,דמו 2025 ל-Cursor; אמת מול מחירון ישראלי עדכני
Honda,Accord,2025,Base,מיני,היברידי,רובוטי,5,7,78000,ILS,אומדן שוק 2025 (דמו),2025-08-28,דמו 2025 ל-Cursor; אמת מול מחירון ישראלי עדכני
Honda,e:Ny1,2025,Base,SUV,חשמלי,אוטומטי,3,4,308000,ILS,אומדן שוק 2025 (דמו),2025-08-28,דמו 2025 ל-Cursor; אמת מול מחירון ישראלי עדכני
Honda,e:Ny1,2025,Style,קרוסאובר,חשמלי,אוטומטי,3,7,194000,ILS,אומדן שוק 2025 (דמו),2025-08-28,דמו 2025 ל-Cursor; אמת מול מחירון ישראלי עדכני
Nissan,Micra,2025,Style,מיני,בנזין,רובוטי,5,5,93000,ILS,אומדן שוק 2025 (דמו),2025-08-28,דמו 2025 ל-Cursor; אמת מול מחירון ישראלי עדכני
Nissan,Micra,2025,Base,חשמלי,בנזין,ידני,5,5,209000,ILS,אומדן שוק 2025 (דמו),2025-08-28,דמו 2025 ל-Cursor; אמת מול מחירון ישראלי עדכני
Nissan,Juke,2025,Base,קרוסאובר,בנזין,ידני,5,4,181000,ILS,אומדן שוק 2025 (דמו),2025-08-28,דמו 2025 ל-Cursor; אמת מול מחירון ישראלי עדכני
Nissan,Juke,2025,Style,מיני,היברידי,רובוטי,3,7,81000,ILS,אומדן שוק 2025 (דמו),2025-08-28,דמו 2025 ל-Cursor; אמת מול מחירון ישראלי עדכני
Nissan,Qashqai,2025,Base,חשמלי,בנזין,אוטומטי,3,7,152000,ILS,אומדן שוק 2025 (דמו),2025-08-28,דמו 2025 ל-Cursor; אמת מול מחירון ישראלי עדכני
Nissan,Qashqai,2025,Style,סטיישן,בנזין,ידני,3,5,152000,ILS,אומדן שוק 2025 (דמו),2025-08-28,דמו 2025 ל-Cursor; אמת מול מחירון ישראלי עדכני
Nissan,X-Trail,2025,Comfort,מיני,בנזין,אוטומטי,5,4,94000,ILS,אומדן שוק 2025 (דמו),2025-08-28,דמו 2025 ל-Cursor; אמת מול מחירון ישראלי עדכני
Nissan,X-Trail,2025,Base,מנהלים,בנזין,רובוטי,3,4,191000,ILS,אומדן שוק 2025 (דמו),2025-08-28,דמו 2025 ל-Cursor; אמת מול מחירון ישראלי עדכני
Nissan,Leaf,2025,Style,קרוסאובר,חשמלי,אוטומטי,5,5,195000,ILS,אומדן שוק 2025 (דמו),2025-08-28,דמו 2025 ל-Cursor; אמת מול מחירון ישראלי עדכני
Nissan,Leaf,2025,Style,מיני,חשמלי,ידני,3,7,76000,ILS,אומדן שוק 2025 (דמו),2025-08-28,דמו 2025 ל-Cursor; אמת מול מחירון ישראלי עדכני
Nissan,Ariya,2025,Style,סטיישן,חשמלי,רובוטי,5,5,190000,ILS,אומדן שוק 2025 (דמו),2025-08-28,דמו 2025 ל-Cursor; אמת מול מחירון ישראלי עדכני
Nissan,Ariya,2025,Base,סופר־מיני,חשמלי,אוטומטי,3,7,122000,ILS,אומדן שוק 2025 (דמו),2025-08-28,דמו 2025 ל-Cursor; אמת מול מחירון ישראלי עדכני
Mitsubishi,Space Star,2025,Style,סופר־מיני,בנזין,ידני,3,4,115000,ILS,אומדן שוק 2025 (דמו),2025-08-28,דמו 2025 ל-Cursor; אמת מול מחירון ישראלי עדכני
Mitsubishi,Space Star,2025,Comfort,מיניוואן,בנזין,אוטומטי,5,4,186000,ILS,אומדן שוק 2025 (דמו),2025-08-28,דמו 2025 ל-Cursor; אמת מול מחירון ישראלי עדכני
Mitsubishi,ASX,2025,Premium,סופר־מיני,בנזין,רובוטי,3,4,108000,ILS,אומדן שוק 2025 (דמו),2025-08-28,דמו 2025 ל-Cursor; אמת מול מחירון ישראלי עדכני
Mitsubishi,ASX,2025,Style,קומפקטית,בנזין,ידני,3,7,123000,ILS,אומדן שוק 2025 (דמו),2025-08-28,דמו 2025 ל-Cursor; אמת מול מחירון ישראלי עדכני
Mitsubishi,Eclipse Cross,2025,Style,היברידי,חשמלי,רובוטי,5,4,201000,ILS,אומדן שוק 2025 (דמו),2025-08-28,דמו 2025 ל-Cursor; אמת מול מחירון ישראלי עדכני
Mitsubishi,Eclipse Cross,2025,Style,סטיישן,חשמלי,רובוטי,3,5,166000,ILS,אומדן שוק 2025 (דמו),2025-08-28,דמו 2025 ל-Cursor; אמת מול מחירון ישראלי עדכני
Mitsubishi,Outlander,2025,Comfort,משפחתית,היברידי,אוטומטי,3,7,136000,ILS,אומדן שוק 2025 (דמו),2025-08-28,דמו 2025 ל-Cursor; אמת מול מחירון ישראלי עדכני
Mitsubishi,Outlander,2025,Premium,מיניוואן,בנזין,ידני,3,5,173000,ILS,אומדן שוק 2025 (דמו),2025-08-28,דמו 2025 ל-Cursor; אמת מול מחירון ישראלי עדכני
Mitsubishi,L200,2025,Base,חשמלי,בנזין,אוטומטי,3,5,234000,ILS,אומדן שוק 2025 (דמו),2025-08-28,דמו 2025 ל-Cursor; אמת מול מחירון ישראלי עדכני
Mitsubishi,L200,2025,Style,SUV,בנזין,ידני,3,4,192000,ILS,אומדן שוק 2025 (דמו),2025-08-28,דמו 2025 ל-Cursor; אמת מול מחירון ישראלי עדכני
Suzuki,Ignis,2025,Base,היברידי,בנזין,ידני,3,5,155000,ILS,אומדן שוק 2025 (דמו),2025-08-28,דמו 2025 ל-Cursor; אמת מול מחירון ישראלי עדכני
Suzuki,Ignis,2025,Premium,מיני,בנזין,רובוטי,3,7,91000,ILS,אומדן שוק 2025 (דמו),2025-08-28,דמו 2025 ל-Cursor; אמת מול מחירון ישראלי עדכני
Suzuki,Swift,2025,Base,היברידי,בנזין,אוטומטי,3,4,225000,ILS,אומדן שוק 2025 (דמו),2025-08-28,דמו 2025 ל-Cursor; אמת מול מחירון ישראלי עדכני
Suzuki,Swift,2025,Comfort,SUV,בנזין,ידני,5,5,201000,ILS,אומדן שוק 2025 (דמו),2025-08-28,דמו 2025 ל-Cursor; אמת מול מחירון ישראלי עדכני
Suzuki,Baleno,2025,Comfort,סטיישן,היברידי,ידני,3,4,170000,ILS,אומדן שוק 2025 (דמו),2025-08-28,דמו 2025 ל-Cursor; אמת מול מחירון ישראלי עדכני
Suzuki,Baleno,2025,Comfort,SUV,בנזין,ידני,3,5,314000,ILS,אומדן שוק 2025 (דמו),2025-08-28,דמו 2025 ל-Cursor; אמת מול מחירון ישראלי עדכני
Suzuki,Vitara,2025,Premium,היברידי,בנזין,אוטומטי,5,5,200000,ILS,אומדן שוק 2025 (דמו),2025-08-28,דמו 2025 ל-Cursor; אמת מול מחירון ישראלי עדכני
Suzuki,Vitara,2025,Style,משפחתית,בנזין,ידני,5,4,171000,ILS,אומדן שוק 2025 (דמו),2025-08-28,דמו 2025 ל-Cursor; אמת מול מחירון ישראלי עדכני
Suzuki,S-Cross,2025,Premium,קומפקטית,בנזין,רובוטי,5,7,131000,ILS,אומדן שוק 2025 (דמו),2025-08-28,דמו 2025 ל-Cursor; אמת מול מחירון ישראלי עדכני
Suzuki,S-Cross,2025,Base,מיני,היברידי,אוטומטי,5,4,76000,ILS,אומדן שוק 2025 (דמו),2025-08-28,דמו 2025 ל-Cursor; אמת מול מחירון ישראלי עדכני
Suzuki,Jimny,2025,Comfort,סטיישן,בנזין,ידני,5,5,177000,ILS,אומדן שוק 2025 (דמו),2025-08-28,דמו 2025 ל-Cursor; אמת מול מחירון ישראלי עדכני
Suzuki,Jimny,2025,Premium,סופר־מיני,בנזין,ידני,5,5,103000,ILS,אומדן שוק 2025 (דמו),2025-08-28,דמו 2025 ל-Cursor; אמת מול מחירון ישראלי עדכני
Skoda,Fabia,2025,Base,היברידי,היברידי,ידני,3,5,163000,ILS,אומדן שוק 2025 (דמו),2025-08-28,דמו 2025 ל-Cursor; אמת מול מחירון ישראלי עדכני
Skoda,Fabia,2025,Comfort,מיניוואן,היברידי,ידני,5,7,239000,ILS,אומדן שוק 2025 (דמו),2025-08-28,דמו 2025 ל-Cursor; אמת מול מחירון ישראלי עדכני
Skoda,Scala,2025,Comfort,קומפקטית,בנזין,רובוטי,3,5,152000,ILS,אומדן שוק 2025 (דמו),2025-08-28,דמו 2025 ל-Cursor; אמת מול מחירון ישראלי עדכני
Skoda,Scala,2025,Premium,סטיישן,בנזין,אוטומטי,3,5,147000,ILS,אומדן שוק 2025 (דמו),2025-08-28,דמו 2025 ל-Cursor; אמת מול מחירון ישראלי עדכני
Skoda,Octavia,2025,Premium,מיניוואן,בנזין,ידני,3,5,185000,ILS,אומדן שוק 2025 (דמו),2025-08-28,דמו 2025 ל-Cursor; אמת מול מחירון ישראלי עדכני
Skoda,Octavia,2025,Base,SUV,היברידי,ידני,5,5,253000,ILS,אומדן שוק 2025 (דמו),2025-08-28,דמו 2025 ל-Cursor; אמת מול מחירון ישראלי עדכני
Skoda,Kamiq,2025,Premium,קרוסאובר,בנזין,ידני,5,7,191000,ILS,אומדן שוק 2025 (דמו),2025-08-28,דמו 2025 ל-Cursor; אמת מול מחירון ישראלי עדכני
Skoda,Kamiq,2025,Premium,משפחתית,היברידי,אוטומטי,5,5,143000,ILS,אומדן שוק 2025 (דמו),2025-08-28,דמו 2025 ל-Cursor; אמת מול מחירון ישראלי עדכני
Skoda,Karoq,2025,Comfort,היברידי,בנזין,רובוטי,5,7,171000,ILS,אומדן שוק 2025 (דמו),2025-08-28,דמו 2025 ל-Cursor; אמת מול מחירון ישראלי עדכני
Skoda,Karoq,2025,Comfort,מיני,היברידי,אוטומטי,3,7,78000,ILS,אומדן שוק 2025 (דמו),2025-08-28,דמו 2025 ל-Cursor; אמת מול מחירון ישראלי עדכני
Skoda,Kodiaq,2025,Premium,קומפקטית,בנזין,רובוטי,5,4,121000,ILS,אומדן שוק 2025 (דמו),2025-08-28,דמו 2025 ל-Cursor; אמת מול מחירון ישראלי עדכני
Skoda,Kodiaq,2025,Comfort,סטיישן,היברידי,רובוטי,5,7,179000,ILS,אומדן שוק 2025 (דמו),2025-08-28,דמו 2025 ל-Cursor; אמת מול מחירון ישראלי עדכני
Skoda,Enyaq,2025,Style,מיניוואן,חשמלי,ידני,5,4,182000,ILS,אומדן שוק 2025 (דמו),2025-08-28,דמו 2025 ל-Cursor; אמת מול מחירון ישראלי עדכני
Skoda,Enyaq,2025,Base,סופר־מיני,חשמלי,ידני,3,5,96000,ILS,אומדן שוק 2025 (דמו),2025-08-28,דמו 2025 ל-Cursor; אמת מול מחירון ישראלי עדכני
SEAT,Ibiza,2025,Premium,קומפקטית,היברידי,ידני,5,5,120000,ILS,אומדן שוק 2025 (דמו),2025-08-28,דמו 2025 ל-Cursor; אמת מול מחירון ישראלי עדכני
SEAT,Ibiza,2025,Base,משפחתית,בנזין,רובוטי,5,5,162000,ILS,אומדן שוק 2025 (דמו),2025-08-28,דמו 2025 ל-Cursor; אמת מול מחירון ישראלי עדכני
SEAT,Arona,2025,Comfort,קרוסאובר,היברידי,אוטומטי,3,5,160000,ILS,אומדן שוק 2025 (דמו),2025-08-28,דמו 2025 ל-Cursor; אמת מול מחירון ישראלי עדכני
SEAT,Arona,2025,Comfort,היברידי,היברידי,רובוטי,5,7,183000,ILS,אומדן שוק 2025 (דמו),2025-08-28,דמו 2025 ל-Cursor; אמת מול מחירון ישראלי עדכני
SEAT,Leon,2025,Comfort,מנהלים,בנזין,ידני,3,7,197000,ILS,אומדן שוק 2025 (דמו),2025-08-28,דמו 2025 ל-Cursor; אמת מול מחירון ישראלי עדכני
SEAT,Leon,2025,Style,קומפקטית,היברידי,אוטומטי,5,7,133000,ILS,אומדן שוק 2025 (דמו),2025-08-28,דמו 2025 ל-Cursor; אמת מול מחירון ישראלי עדכני
SEAT,Ateca,2025,Premium,משפחתית,היברידי,רובוטי,5,5,177000,ILS,אומדן שוק 2025 (דמו),2025-08-28,דמו 2025 ל-Cursor; אמת מול מחירון ישראלי עדכני
SEAT,Ateca,2025,Style,מנהלים,בנזין,רובוטי,5,4,221000,ILS,אומדן שוק 2025 (דמו),2025-08-28,דמו 2025 ל-Cursor; אמת מול מחירון ישראלי עדכני
SEAT,Tarraco,2025,Style,היברידי,בנזין,רובוטי,3,4,225000,ILS,אומדן שוק 2025 (דמו),2025-08-28,דמו 2025 ל-Cursor; אמת מול מחירון ישראלי עדכני
SEAT,Tarraco,2025,Premium,SUV,היברידי,ידני,5,7,309000,ILS,אומדן שוק 2025 (דמו),2025-08-28,דמו 2025 ל-Cursor; אמת מול מחירון ישראלי עדכני
Volkswagen,Polo,2025,Comfort,חשמלי,בנזין,ידני,3,7,215000,ILS,אומדן שוק 2025 (דמו),2025-08-28,דמו 2025 ל-Cursor; אמת מול מחירון ישראלי עדכני
Volkswagen,Polo,2025,Base,מנהלים,בנזין,ידני,5,7,207000,ILS,אומדן שוק 2025 (דמו),2025-08-28,דמו 2025 ל-Cursor; אמת מול מחירון ישראלי עדכני
Volkswagen,Golf,2025,Comfort,סופר־מיני,בנזין,אוטומטי,5,7,107000,ILS,אומדן שוק 2025 (דמו),2025-08-28,דמו 2025 ל-Cursor; אמת מול מחירון ישראלי עדכני
Volkswagen,Golf,2025,Style,קרוסאובר,היברידי,רובוטי,3,4,171000,ILS,אומדן שוק 2025 (דמו),2025-08-28,דמו 2025 ל-Cursor; אמת מול מחירון ישראלי עדכני
Volkswagen,T-Cross,2025,Comfort,מיניוואן,בנזין,רובוטי,3,7,211000,ILS,אומדן שוק 2025 (דמו),2025-08-28,דמו 2025 ל-Cursor; אמת מול מחירון ישראלי עדכני
Volkswagen,T-Cross,2025,Style,מנהלים,בנזין,אוטומטי,5,4,219000,ILS,אומדן שוק 2025 (דמו),2025-08-28,דמו 2025 ל-Cursor; אמת מול מחירון ישראלי עדכני
Volkswagen,T-Roc,2025,Comfort,קומפקטית,בנזין,רובוטי,3,4,141000,ILS,אומדן שוק 2025 (דמו),2025-08-28,דמו 2025 ל-Cursor; אמת מול מחירון ישראלי עדכני
Volkswagen,T-Roc,2025,Base,היברידי,היברידי,אוטומטי,5,5,162000,ILS,אומדן שוק 2025 (דמו),2025-08-28,דמו 2025 ל-Cursor; אמת מול מחירון ישראלי עדכני
Volkswagen,Tiguan,2025,Comfort,קומפקטית,בנזין,ידני,3,5,149000,ILS,אומדן שוק 2025 (דמו),2025-08-28,דמו 2025 ל-Cursor; אמת מול מחירון ישראלי עדכני
Volkswagen,Tiguan,2025,Style,סופר־מיני,היברידי,אוטומטי,5,4,116000,ILS,אומדן שוק 2025 (דמו),2025-08-28,דמו 2025 ל-Cursor; אמת מול מחירון ישראלי עדכני
Volkswagen,ID.3,2025,Base,חשמלי,חשמלי,ידני,5,5,238000,ILS,אומדן שוק 2025 (דמו),2025-08-28,דמו 2025 ל-Cursor; אמת מול מחירון ישראלי עדכני
Volkswagen,ID.3,2025,Comfort,קרוסאובר,חשמלי,ידני,3,4,165000,ILS,אומדן שוק 2025 (דמו),2025-08-28,דמו 2025 ל-Cursor; אמת מול מחירון ישראלי עדכני
Volkswagen,ID.4,2025,Premium,משפחתית,חשמלי,ידני,3,7,168000,ILS,אומדן שוק 2025 (דמו),2025-08-28,דמו 2025 ל-Cursor; אמת מול מחירון ישראלי עדכני
Volkswagen,ID.4,2025,Comfort,מנהלים,חשמלי,אוטומטי,3,4,217000,ILS,אומדן שוק 2025 (דמו),2025-08-28,דמו 2025 ל-Cursor; אמת מול מחירון ישראלי עדכני
Audi,A3,2025,Base,מיניוואן,בנזין,רובוטי,5,4,167000,ILS,אומדן שוק 2025 (דמו),2025-08-28,דמו 2025 ל-Cursor; אמת מול מחירון ישראלי עדכני
Audi,A3,2025,Premium,סופר־מיני,בנזין,ידני,3,5,112000,ILS,אומדן שוק 2025 (דמו),2025-08-28,דמו 2025 ל-Cursor; אמת מול מחירון ישראלי עדכני
Audi,A4,2025,Comfort,מנהלים,היברידי,ידני,3,4,195000,ILS,אומדן שוק 2025 (דמו),2025-08-28,דמו 2025 ל-Cursor; אמת מול מחירון ישראלי עדכני
Audi,A4,2025,Base,סטיישן,בנזין,רובוטי,5,5,134000,ILS,אומדן שוק 2025 (דמו),2025-08-28,דמו 2025 ל-Cursor; אמת מול מחירון ישראלי עדכני
Audi,Q2,2025,Premium,סופר־מיני,בנזין,ידני,5,4,109000,ILS,אומדן שוק 2025 (דמו),2025-08-28,דמו 2025 ל-Cursor; אמת מול מחירון ישראלי עדכני
Audi,Q2,2025,Comfort,קומפקטית,בנזין,רובוטי,5,4,148000,ILS,אומדן שוק 2025 (דמו),2025-08-28,דמו 2025 ל-Cursor; אמת מול מחירון ישראלי עדכני
Audi,Q3,2025,Premium,מיניוואן,היברידי,רובוטי,5,5,225000,ILS,אומדן שוק 2025 (דמו),2025-08-28,דמו 2025 ל-Cursor; אמת מול מחירון ישראלי עדכני
Audi,Q3,2025,Style,היברידי,היברידי,ידני,5,5,215000,ILS,אומדן שוק 2025 (דמו),2025-08-28,דמו 2025 ל-Cursor; אמת מול מחירון ישראלי עדכני
Audi,Q5,2025,Style,חשמלי,היברידי,רובוטי,5,5,134000,ILS,אומדן שוק 2025 (דמו),2025-08-28,דמו 2025 ל-Cursor; אמת מול מחירון ישראלי עדכני
Audi,Q5,2025,Comfort,סטיישן,היברידי,ידני,5,4,150000,ILS,אומדן שוק 2025 (דמו),2025-08-28,דמו 2025 ל-Cursor; אמת מול מחירון ישראלי עדכני
Audi,Q4 e-tron,2025,Comfort,מיניוואן,חשמלי,ידני,5,5,228000,ILS,אומדן שוק 2025 (דמו),2025-08-28,דמו 2025 ל-Cursor; אמת מול מחירון ישראלי עדכני
Audi,Q4 e-tron,2025,Style,קומפקטית,חשמלי,ידני,5,5,134000,ILS,אומדן שוק 2025 (דמו),2025-08-28,דמו 2025 ל-Cursor; אמת מול מחירון ישראלי עדכני
BMW,1 Series,2025,Comfort,סטיישן,היברידי,רובוטי,3,7,173000,ILS,אומדן שוק 2025 (דמו),2025-08-28,דמו 2025 ל-Cursor; אמת מול מחירון ישראלי עדכני
BMW,1 Series,2025,Style,SUV,היברידי,רובוטי,5,7,275000,ILS,אומדן שוק 2025 (דמו),2025-08-28,דמו 2025 ל-Cursor; אמת מול מחירון ישראלי עדכני
BMW,3 Series,2025,Base,מיני,בנזין,אוטומטי,3,5,81000,ILS,אומדן שוק 2025 (דמו),2025-08-28,דמו 2025 ל-Cursor; אמת מול מחירון ישראלי עדכני
BMW,3 Series,2025,Premium,מיניוואן,היברידי,אוטומטי,3,4,166000,ILS,אומדן שוק 2025 (דמו),2025-08-28,דמו 2025 ל-Cursor; אמת מול מחירון ישראלי עדכני
BMW,X1,2025,Premium,סטיישן,היברידי,ידני,5,4,147000,ILS,אומדן שוק 2025 (דמו),2025-08-28,דמו 2025 ל-Cursor; אמת מול מחירון ישראלי עדכני
BMW,X1,2025,Style,קומפקטית,בנזין,אוטומטי,3,4,134000,ILS,אומדן שוק 2025 (דמו),2025-08-28,דמו 2025 ל-Cursor; אמת מול מחירון ישראלי עדכני
BMW,X3,2025,Comfort,מיניוואן,בנזין,רובוטי,5,5,228000,ILS,אומדן שוק 2025 (דמו),2025-08-28,דמו 2025 ל-Cursor; אמת מול מחירון ישראלי עדכני
BMW,X3,2025,Base,מנהלים,בנזין,אוטומטי,3,4,210000,ILS,אומדן שוק 2025 (דמו),2025-08-28,דמו 2025 ל-Cursor; אמת מול מחירון ישראלי עדכני
BMW,i4,2025,Premium,מיניוואן,חשמלי,אוטומטי,5,4,170000,ILS,אומדן שוק 2025 (דמו),2025-08-28,דמו 2025 ל-Cursor; אמת מול מחירון ישראלי עדכני
BMW,i4,2025,Comfort,SUV,חשמלי,אוטומטי,3,4,320000,ILS,אומדן שוק 2025 (דמו),2025-08-28,דמו 2025 ל-Cursor; אמת מול מחירון ישראלי עדכני
BMW,iX1,2025,Premium,סטיישן,חשמלי,רובוטי,3,5,156000,ILS,אומדן שוק 2025 (דמו),2025-08-28,דמו 2025 ל-Cursor; אמת מול מחירון ישראלי עדכני
BMW,iX1,2025,Comfort,היברידי,חשמלי,ידני,3,4,206000,ILS,אומדן שוק 2025 (דמו),2025-08-28,דמו 2025 ל-Cursor; אמת מול מחירון ישראלי עדכני
Mercedes-Benz,A-Class,2025,Style,מיני,בנזין,רובוטי,5,5,94000,ILS,אומדן שוק 2025 (דמו),2025-08-28,דמו 2025 ל-Cursor; אמת מול מחירון ישראלי עדכני
Mercedes-Benz,A-Class,2025,Style,סטיישן,בנזין,אוטומטי,3,4,140000,ILS,אומדן שוק 2025 (דמו),2025-08-28,דמו 2025 ל-Cursor; אמת מול מחירון ישראלי עדכני
Mercedes-Benz,C-Class,2025,Base,סופר־מיני,בנזין,ידני,5,4,112000,ILS,אומדן שוק 2025 (דמו),2025-08-28,דמו 2025 ל-Cursor; אמת מול מחירון ישראלי עדכני
Mercedes-Benz,C-Class,2025,Base,קרוסאובר,היברידי,ידני,5,7,179000,ILS,אומדן שוק 2025 (דמו),2025-08-28,דמו 2025 ל-Cursor; אמת מול מחירון ישראלי עדכני
Mercedes-Benz,GLA,2025,Style,קרוסאובר,היברידי,ידני,5,4,140000,ILS,אומדן שוק 2025 (דמו),2025-08-28,דמו 2025 ל-Cursor; אמת מול מחירון ישראלי עדכני
Mercedes-Benz,GLA,2025,Comfort,סופר־מיני,בנזין,ידני,5,5,102000,ILS,אומדן שוק 2025 (דמו),2025-08-28,דמו 2025 ל-Cursor; אמת מול מחירון ישראלי עדכני
Mercedes-Benz,GLC,2025,Premium,מיניוואן,בנזין,רובוטי,5,4,210000,ILS,אומדן שוק 2025 (דמו),2025-08-28,דמו 2025 ל-Cursor; אמת מול מחירון ישראלי עדכני
Mercedes-Benz,GLC,2025,Comfort,חשמלי,בנזין,אוטומטי,5,7,187000,ILS,אומדן שוק 2025 (דמו),2025-08-28,דמו 2025 ל-Cursor; אמת מול מחירון ישראלי עדכני
Mercedes-Benz,EQB,2025,Premium,מיני,חשמלי,ידני,3,4,84000,ILS,אומדן שוק 2025 (דמו),2025-08-28,דמו 2025 ל-Cursor; אמת מול מחירון ישראלי עדכני
Mercedes-Benz,EQB,2025,Comfort,קרוסאובר,חשמלי,ידני,3,4,157000,ILS,אומדן שוק 2025 (דמו),2025-08-28,דמו 2025 ל-Cursor; אמת מול מחירון ישראלי עדכני
Mercedes-Benz,EQE,2025,Premium,חשמלי,חשמלי,אוטומטי,5,5,161000,ILS,אומדן שוק 2025 (דמו),2025-08-28,דמו 2025 ל-Cursor; אמת מול מחירון ישראלי עדכני
Mercedes-Benz,EQE,2025,Base,קומפקטית,חשמלי,אוטומטי,3,7,142000,ILS,אומדן שוק 2025 (דמו),2025-08-28,דמו 2025 ל-Cursor; אמת מול מחירון ישראלי עדכני
Peugeot,208,2025,Style,קומפקטית,בנזין,אוטומטי,5,5,121000,ILS,אומדן שוק 2025 (דמו),2025-08-28,דמו 2025 ל-Cursor; אמת מול מחירון ישראלי עדכני
Peugeot,208,2025,Style,משפחתית,בנזין,ידני,5,7,159000,ILS,אומדן שוק 2025 (דמו),2025-08-28,דמו 2025 ל-Cursor; אמת מול מחירון ישראלי עדכני
Peugeot,2008,2025,Style,קומפקטית,היברידי,ידני,3,4,129000,ILS,אומדן שוק 2025 (דמו),2025-08-28,דמו 2025 ל-Cursor; אמת מול מחירון ישראלי עדכני
Peugeot,2008,2025,Premium,חשמלי,בנזין,ידני,3,4,227000,ILS,אומדן שוק 2025 (דמו),2025-08-28,דמו 2025 ל-Cursor; אמת מול מחירון ישראלי עדכני
Peugeot,308,2025,Premium,מיניוואן,בנזין,אוטומטי,3,7,210000,ILS,אומדן שוק 2025 (דמו),2025-08-28,דמו 2025 ל-Cursor; אמת מול מחירון ישראלי עדכני
Peugeot,308,2025,Comfort,מיני,היברידי,רובוטי,3,4,98000,ILS,אומדן שוק 2025 (דמו),2025-08-28,דמו 2025 ל-Cursor; אמת מול מחירון ישראלי עדכני
Peugeot,3008,2025,Comfort,משפחתית,היברידי,רובוטי,5,7,140000,ILS,אומדן שוק 2025 (דמו),2025-08-28,דמו 2025 ל-Cursor; אמת מול מחירון ישראלי עדכני
Peugeot,3008,2025,Premium,מיניוואן,היברידי,ידני,5,7,171000,ILS,אומדן שוק 2025 (דמו),2025-08-28,דמו 2025 ל-Cursor; אמת מול מחירון ישראלי עדכני
Peugeot,5008,2025,Premium,היברידי,בנזין,אוטומטי,5,7,161000,ILS,אומדן שוק 2025 (דמו),2025-08-28,דמו 2025 ל-Cursor; אמת מול מחירון ישראלי עדכני
Peugeot,5008,2025,Premium,חשמלי,היברידי,ידני,3,7,246000,ILS,אומדן שוק 2025 (דמו),2025-08-28,דמו 2025 ל-Cursor; אמת מול מחירון ישראלי עדכני
Peugeot,e-208,2025,Comfort,קומפקטית,חשמלי,אוטומטי,5,7,128000,ILS,אומדן שוק 2025 (דמו),2025-08-28,דמו 2025 ל-Cursor; אמת מול מחירון ישראלי עדכני
Peugeot,e-208,2025,Comfort,משפחתית,חשמלי,אוטומטי,3,7,149000,ILS,אומדן שוק 2025 (דמו),2025-08-28,דמו 2025 ל-Cursor; אמת מול מחירון ישראלי עדכני
Citroën,C3,2025,Base,מנהלים,בנזין,אוטומטי,5,4,239000,ILS,אומדן שוק 2025 (דמו),2025-08-28,דמו 2025 ל-Cursor; אמת מול מחירון ישראלי עדכני
Citroën,C3,2025,Style,קרוסאובר,בנזין,אוטומטי,5,4,186000,ILS,אומדן שוק 2025 (דמו),2025-08-28,דמו 2025 ל-Cursor; אמת מול מחירון ישראלי עדכני
Citroën,C3 Aircross,2025,Comfort,קרוסאובר,בנזין,ידני,5,5,193000,ILS,אומדן שוק 2025 (דמו),2025-08-28,דמו 2025 ל-Cursor; אמת מול מחירון ישראלי עדכני
Citroën,C3 Aircross,2025,Base,היברידי,בנזין,אוטומטי,3,5,151000,ILS,אומדן שוק 2025 (דמו),2025-08-28,דמו 2025 ל-Cursor; אמת מול מחירון ישראלי עדכני
Citroën,C4,2025,Base,SUV,בנזין,ידני,3,5,258000,ILS,אומדן שוק 2025 (דמו),2025-08-28,דמו 2025 ל-Cursor; אמת מול מחירון ישראלי עדכני
Citroën,C4,2025,Comfort,משפחתית,היברידי,ידני,5,5,164000,ILS,אומדן שוק 2025 (דמו),2025-08-28,דמו 2025 ל-Cursor; אמת מול מחירון ישראלי עדכני
Citroën,C5 Aircross,2025,Base,סופר־מיני,היברידי,רובוטי,5,7,96000,ILS,אומדן שוק 2025 (דמו),2025-08-28,דמו 2025 ל-Cursor; אמת מול מחירון ישראלי עדכני
Citroën,C5 Aircross,2025,Style,מיניוואן,בנזין,אוטומטי,3,5,221000,ILS,אומדן שוק 2025 (דמו),2025-08-28,דמו 2025 ל-Cursor; אמת מול מחירון ישראלי עדכני
Citroën,ë-C4,2025,Style,היברידי,בנזין,ידני,5,5,207000,ILS,אומדן שוק 2025 (דמו),2025-08-28,דמו 2025 ל-Cursor; אמת מול מחירון ישראלי עדכני
Citroën,ë-C4,2025,Style,קומפקטית,בנזין,אוטומטי,3,4,137000,ILS,אומדן שוק 2025 (דמו),2025-08-28,דמו 2025 ל-Cursor; אמת מול מחירון ישראלי עדכני
Renault,Clio,2025,Comfort,היברידי,היברידי,רובוטי,5,4,168000,ILS,אומדן שוק 2025 (דמו),2025-08-28,דמו 2025 ל-Cursor; אמת מול מחירון ישראלי עדכני
Renault,Clio,2025,Style,מיניוואן,היברידי,ידני,3,7,210000,ILS,אומדן שוק 2025 (דמו),2025-08-28,דמו 2025 ל-Cursor; אמת מול מחירון ישראלי עדכני
Renault,Captur,2025,Premium,סטיישן,היברידי,רובוטי,3,7,159000,ILS,אומדן שוק 2025 (דמו),2025-08-28,דמו 2025 ל-Cursor; אמת מול מחירון ישראלי עדכני
Renault,Captur,2025,Base,סופר־מיני,בנזין,רובוטי,3,4,121000,ILS,אומדן שוק 2025 (דמו),2025-08-28,דמו 2025 ל-Cursor; אמת מול מחירון ישראלי עדכני
Renault,Arkana,2025,Style,סופר־מיני,בנזין,רובוטי,3,5,111000,ILS,אומדן שוק 2025 (דמו),2025-08-28,דמו 2025 ל-Cursor; אמת מול מחירון ישראלי עדכני
Renault,Arkana,2025,Base,היברידי,בנזין,אוטומטי,3,7,226000,ILS,אומדן שוק 2025 (דמו),2025-08-28,דמו 2025 ל-Cursor; אמת מול מחירון ישראלי עדכני
Renault,Megane E-Tech,2025,Base,SUV,בנזין,רובוטי,3,5,238000,ILS,אומדן שוק 2025 (דמו),2025-08-28,דמו 2025 ל-Cursor; אמת מול מחירון ישראלי עדכני
Renault,Megane E-Tech,2025,Premium,קרוסאובר,בנזין,אוטומטי,3,4,157000,ILS,אומדן שוק 2025 (דמו),2025-08-28,דמו 2025 ל-Cursor; אמת מול מחירון ישראלי עדכני
Renault,Austral,2025,Comfort,היברידי,בנזין,רובוטי,3,5,182000,ILS,אומדן שוק 2025 (דמו),2025-08-28,דמו 2025 ל-Cursor; אמת מול מחירון ישראלי עדכני
Renault,Austral,2025,Comfort,קומפקטית,בנזין,רובוטי,5,4,118000,ILS,אומדן שוק 2025 (דמו),2025-08-28,דמו 2025 ל-Cursor; אמת מול מחירון ישראלי עדכני
Dacia,Sandero,2025,Comfort,מיני,היברידי,רובוטי,5,4,86000,ILS,אומדן שוק 2025 (דמו),2025-08-28,דמו 2025 ל-Cursor; אמת מול מחירון ישראלי עדכני
Dacia,Sandero,2025,Base,מנהלים,היברידי,ידני,3,5,231000,ILS,אומדן שוק 2025 (דמו),2025-08-28,דמו 2025 ל-Cursor; אמת מול מחירון ישראלי עדכני
Dacia,Jogger,2025,Comfort,משפחתית,בנזין,רובוטי,3,4,173000,ILS,אומדן שוק 2025 (דמו),2025-08-28,דמו 2025 ל-Cursor; אמת מול מחירון ישראלי עדכני
Dacia,Jogger,2025,Base,מיני,בנזין,ידני,3,4,93000,ILS,אומדן שוק 2025 (דמו),2025-08-28,דמו 2025 ל-Cursor; אמת מול מחירון ישראלי עדכני
Dacia,Duster,2025,Base,קומפקטית,בנזין,אוטומטי,3,4,146000,ILS,אומדן שוק 2025 (דמו),2025-08-28,דמו 2025 ל-Cursor; אמת מול מחירון ישראלי עדכני
Dacia,Duster,2025,Style,היברידי,בנזין,אוטומטי,5,5,178000,ILS,אומדן שוק 2025 (דמו),2025-08-28,דמו 2025 ל-Cursor; אמת מול מחירון ישראלי עדכני
Dacia,Spring,2025,Style,סופר־מיני,בנזין,אוטומטי,5,7,113000,ILS,אומדן שוק 2025 (דמו),2025-08-28,דמו 2025 ל-Cursor; אמת מול מחירון ישראלי עדכני
Dacia,Spring,2025,Base,מיני,בנזין,ידני,3,4,86000,ILS,אומדן שוק 2025 (דמו),2025-08-28,דמו 2025 ל-Cursor; אמת מול מחירון ישראלי עדכני
Opel,Corsa,2025,Premium,משפחתית,בנזין,אוטומטי,5,7,167000,ILS,אומדן שוק 2025 (דמו),2025-08-28,דמו 2025 ל-Cursor; אמת מול מחירון ישראלי עדכני
Opel,Corsa,2025,Premium,מנהלים,בנזין,ידני,5,4,207000,ILS,אומדן שוק 2025 (דמו),2025-08-28,דמו 2025 ל-Cursor; אמת מול מחירון ישראלי עדכני
Opel,Astra,2025,Style,סופר־מיני,בנזין,אוטומטי,3,5,115000,ILS,אומדן שוק 2025 (דמו),2025-08-28,דמו 2025 ל-Cursor; אמת מול מחירון ישראלי עדכני
Opel,Astra,2025,Style,משפחתית,היברידי,רובוטי,5,4,163000,ILS,אומדן שוק 2025 (דמו),2025-08-28,דמו 2025 ל-Cursor; אמת מול מחירון ישראלי עדכני
Opel,Mokka,2025,Premium,חשמלי,היברידי,אוטומטי,5,5,190000,ILS,אומדן שוק 2025 (דמו),2025-08-28,דמו 2025 ל-Cursor; אמת מול מחירון ישראלי עדכני
Opel,Mokka,2025,Base,מיניוואן,היברידי,אוטומטי,3,4,163000,ILS,אומדן שוק 2025 (דמו),2025-08-28,דמו 2025 ל-Cursor; אמת מול מחירון ישראלי עדכני
Opel,Grandland,2025,Comfort,מנהלים,בנזין,ידני,3,4,199000,ILS,אומדן שוק 2025 (דמו),2025-08-28,דמו 2025 ל-Cursor; אמת מול מחירון ישראלי עדכני
Opel,Grandland,2025,Base,SUV,היברידי,אוטומטי,5,7,230000,ILS,אומדן שוק 2025 (דמו),2025-08-28,דמו 2025 ל-Cursor; אמת מול מחירון ישראלי עדכני
Chevrolet,Spark,2025,Style,SUV,בנזין,ידני,5,5,327000,ILS,אומדן שוק 2025 (דמו),2025-08-28,דמו 2025 ל-Cursor; אמת מול מחירון ישראלי עדכני
Chevrolet,Spark,2025,Premium,היברידי,בנזין,אוטומטי,3,4,226000,ILS,אומדן שוק 2025 (דמו),2025-08-28,דמו 2025 ל-Cursor; אמת מול מחירון ישראלי עדכני
Chevrolet,Malibu,2025,Base,SUV,בנזין,ידני,3,5,236000,ILS,אומדן שוק 2025 (דמו),2025-08-28,דמו 2025 ל-Cursor; אמת מול מחירון ישראלי עדכני
Chevrolet,Malibu,2025,Base,סופר־מיני,בנזין,אוטומטי,5,7,120000,ILS,אומדן שוק 2025 (דמו),2025-08-28,דמו 2025 ל-Cursor; אמת מול מחירון ישראלי עדכני
Chevrolet,Trax,2025,Style,קרוסאובר,בנזין,ידני,3,7,180000,ILS,אומדן שוק 2025 (דמו),2025-08-28,דמו 2025 ל-Cursor; אמת מול מחירון ישראלי עדכני
Chevrolet,Trax,2025,Base,חשמלי,בנזין,רובוטי,5,5,194000,ILS,אומדן שוק 2025 (דמו),2025-08-28,דמו 2025 ל-Cursor; אמת מול מחירון ישראלי עדכני
Chevrolet,Equinox,2025,Base,SUV,חשמלי,רובוטי,3,5,281000,ILS,אומדן שוק 2025 (דמו),2025-08-28,דמו 2025 ל-Cursor; אמת מול מחירון ישראלי עדכני
Chevrolet,Equinox,2025,Comfort,מיני,חשמלי,אוטומטי,5,7,96000,ILS,אומדן שוק 2025 (דמו),2025-08-28,דמו 2025 ל-Cursor; אמת מול מחירון ישראלי עדכני
Chevrolet,Blazer,2025,Premium,מיני,בנזין,רובוטי,3,7,78000,ILS,אומדן שוק 2025 (דמו),2025-08-28,דמו 2025 ל-Cursor; אמת מול מחירון ישראלי עדכני
Chevrolet,Blazer,2025,Premium,קומפקטית,בנזין,רובוטי,3,4,123000,ILS,אומדן שוק 2025 (דמו),2025-08-28,דמו 2025 ל-Cursor; אמת מול מחירון ישראלי עדכני
Ford,Fiesta,2025,Style,קומפקטית,בנזין,רובוטי,3,4,135000,ILS,אומדן שוק 2025 (דמו),2025-08-28,דמו 2025 ל-Cursor; אמת מול מחירון ישראלי עדכני
Ford,Fiesta,2025,Style,מנהלים,בנזין,ידני,5,5,213000,ILS,אומדן שוק 2025 (דמו),2025-08-28,דמו 2025 ל-Cursor; אמת מול מחירון ישראלי עדכני
Ford,Focus,2025,Base,קרוסאובר,בנזין,אוטומטי,3,5,195000,ILS,אומדן שוק 2025 (דמו),2025-08-28,דמו 2025 ל-Cursor; אמת מול מחירון ישראלי עדכני
Ford,Focus,2025,Style,סטיישן,בנזין,ידני,3,5,149000,ILS,אומדן שוק 2025 (דמו),2025-08-28,דמו 2025 ל-Cursor; אמת מול מחירון ישראלי עדכני
Ford,Puma,2025,Comfort,מנהלים,בנזין,רובוטי,5,7,225000,ILS,אומדן שוק 2025 (דמו),2025-08-28,דמו 2025 ל-Cursor; אמת מול מחירון ישראלי עדכני
Ford,Puma,2025,Style,סטיישן,בנזין,רובוטי,5,4,153000,ILS,אומדן שוק 2025 (דמו),2025-08-28,דמו 2025 ל-Cursor; אמת מול מחירון ישראלי עדכני
Ford,Kuga,2025,Comfort,חשמלי,בנזין,ידני,5,5,216000,ILS,אומדן שוק 2025 (דמו),2025-08-28,דמו 2025 ל-Cursor; אמת מול מחירון ישראלי עדכני
Ford,Kuga,2025,Base,היברידי,היברידי,אוטומטי,5,5,149000,ILS,אומדן שוק 2025 (דמו),2025-08-28,דמו 2025 ל-Cursor; אמת מול מחירון ישראלי עדכני
Ford,Mustang Mach-E,2025,Comfort,קומפקטית,בנזין,רובוטי,3,5,143000,ILS,אומדן שוק 2025 (דמו),2025-08-28,דמו 2025 ל-Cursor; אמת מול מחירון ישראלי עדכני
Ford,Mustang Mach-E,2025,Premium,קרוסאובר,בנזין,אוטומטי,5,7,143000,ILS,אומדן שוק 2025 (דמו),2025-08-28,דמו 2025 ל-Cursor; אמת מול מחירון ישראלי עדכני
Volvo,XC40,2025,Comfort,קומפקטית,היברידי,ידני,3,4,153000,ILS,אומדן שוק 2025 (דמו),2025-08-28,דמו 2025 ל-Cursor; אמת מול מחירון ישראלי עדכני
Volvo,XC40,2025,Comfort,סטיישן,בנזין,אוטומטי,3,5,141000,ILS,אומדן שוק 2025 (דמו),2025-08-28,דמו 2025 ל-Cursor; אמת מול מחירון ישראלי עדכני
Volvo,XC60,2025,Premium,מיני,בנזין,רובוטי,5,4,88000,ILS,אומדן שוק 2025 (דמו),2025-08-28,דמו 2025 ל-Cursor; אמת מול מחירון ישראלי עדכני
Volvo,XC60,2025,Comfort,סטיישן,היברידי,ידני,3,5,147000,ILS,אומדן שוק 2025 (דמו),2025-08-28,דמו 2025 ל-Cursor; אמת מול מחירון ישראלי עדכני
Volvo,C40,2025,Base,חשמלי,חשמלי,אוטומטי,3,5,243000,ILS,אומדן שוק 2025 (דמו),2025-08-28,דמו 2025 ל-Cursor; אמת מול מחירון ישראלי עדכני
Volvo,C40,2025,Premium,סופר־מיני,חשמלי,ידני,5,5,101000,ILS,אומדן שוק 2025 (דמו),2025-08-28,דמו 2025 ל-Cursor; אמת מול מחירון ישראלי עדכני
Volvo,EX30,2025,Comfort,מיני,חשמלי,אוטומטי,5,4,80000,ILS,אומדן שוק 2025 (דמו),2025-08-28,דמו 2025 ל-Cursor; אמת מול מחירון ישראלי עדכני
Volvo,EX30,2025,Base,היברידי,חשמלי,רובוטי,3,5,167000,ILS,אומדן שוק 2025 (דמו),2025-08-28,דמו 2025 ל-Cursor; אמת מול מחירון ישראלי עדכני
Volvo,EX40,2025,Premium,מיניוואן,חשמלי,רובוטי,3,4,231000,ILS,אומדן שוק 2025 (דמו),2025-08-28,דמו 2025 ל-Cursor; אמת מול מחירון ישראלי עדכני
Volvo,EX40,2025,Comfort,סטיישן,חשמלי,אוטומטי,5,5,157000,ILS,אומדן שוק 2025 (דמו),2025-08-28,דמו 2025 ל-Cursor; אמת מול מחירון ישראלי עדכני
Tesla,Model 3,2025,Style,סטיישן,חשמלי,אוטומטי,5,4,159000,ILS,אומדן שוק 2025 (דמו),2025-08-28,דמו 2025 ל-Cursor; אמת מול מחירון ישראלי עדכני
Tesla,Model 3,2025,Premium,משפחתית,חשמלי,ידני,3,5,167000,ILS,אומדן שוק 2025 (דמו),2025-08-28,דמו 2025 ל-Cursor; אמת מול מחירון ישראלי עדכני
Tesla,Model Y,2025,Style,סטיישן,חשמלי,ידני,5,7,158000,ILS,אומדן שוק 2025 (דמו),2025-08-28,דמו 2025 ל-Cursor; אמת מול מחירון ישראלי עדכני
Tesla,Model Y,2025,Style,מנהלים,חשמלי,אוטומטי,3,5,228000,ILS,אומדן שוק 2025 (דמו),2025-08-28,דמו 2025 ל-Cursor; אמת מול מחירון ישראלי עדכני
BYD,Dolphin,2025,Style,SUV,חשמלי,רובוטי,5,7,293000,ILS,אומדן שוק 2025 (דמו),2025-08-28,דמו 2025 ל-Cursor; אמת מול מחירון ישראלי עדכני
BYD,Dolphin,2025,Comfort,היברידי,חשמלי,ידני,5,5,186000,ILS,אומדן שוק 2025 (דמו),2025-08-28,דמו 2025 ל-Cursor; אמת מול מחירון ישראלי עדכני
BYD,Atto 3,2025,Comfort,היברידי,היברידי,אוטומטי,3,7,153000,ILS,אומדן שוק 2025 (דמו),2025-08-28,דמו 2025 ל-Cursor; אמת מול מחירון ישראלי עדכני
BYD,Atto 3,2025,Premium,SUV,בנזין,ידני,3,5,268000,ILS,אומדן שוק 2025 (דמו),2025-08-28,דמו 2025 ל-Cursor; אמת מול מחירון ישראלי עדכני
BYD,Seal,2025,Base,קומפקטית,חשמלי,אוטומטי,5,4,145000,ILS,אומדן שוק 2025 (דמו),2025-08-28,דמו 2025 ל-Cursor; אמת מול מחירון ישראלי עדכני
BYD,Seal,2025,Premium,מיניוואן,חשמלי,ידני,3,5,175000,ILS,אומדן שוק 2025 (דמו),2025-08-28,דמו 2025 ל-Cursor; אמת מול מחירון ישראלי עדכני
BYD,Han,2025,Comfort,קומפקטית,חשמלי,ידני,3,7,136000,ILS,אומדן שוק 2025 (דמו),2025-08-28,דמו 2025 ל-Cursor; אמת מול מחירון ישראלי עדכני
BYD,Han,2025,Base,מנהלים,חשמלי,רובוטי,5,7,226000,ILS,אומדן שוק 2025 (דמו),2025-08-28,דמו 2025 ל-Cursor; אמת מול מחירון ישראלי עדכני
Geely,Geometry C,2025,Premium,משפחתית,חשמלי,רובוטי,3,7,158000,ILS,אומדן שוק 2025 (דמו),2025-08-28,דמו 2025 ל-Cursor; אמת מול מחירון ישראלי עדכני
Geely,Geometry C,2025,Style,חשמלי,חשמלי,אוטומטי,5,5,134000,ILS,אומדן שוק 2025 (דמו),2025-08-28,דמו 2025 ל-Cursor; אמת מול מחירון ישראלי עדכני
Geely,Geometry E,2025,Comfort,חשמלי,חשמלי,ידני,5,4,140000,ILS,אומדן שוק 2025 (דמו),2025-08-28,דמו 2025 ל-Cursor; אמת מול מחירון ישראלי עדכני
Geely,Geometry E,2025,Comfort,מיני,חשמלי,אוטומטי,5,7,94000,ILS,אומדן שוק 2025 (דמו),2025-08-28,דמו 2025 ל-Cursor; אמת מול מחירון ישראלי עדכני
Geely,Emgrand,2025,Style,היברידי,חשמלי,רובוטי,3,5,147000,ILS,אומדן שוק 2025 (דמו),2025-08-28,דמו 2025 ל-Cursor; אמת מול מחירון ישראלי עדכני
Geely,Emgrand,2025,Comfort,חשמלי,חשמלי,אוטומטי,5,7,130000,ILS,אומדן שוק 2025 (דמו),2025-08-28,דמו 2025 ל-Cursor; אמת מול מחירון ישראלי עדכני
MG,ZS,2025,Style,סטיישן,בנזין,רובוטי,5,5,173000,ILS,אומדן שוק 2025 (דמו),2025-08-28,דמו 2025 ל-Cursor; אמת מול מחירון ישראלי עדכני
MG,ZS,2025,Premium,מנהלים,היברידי,רובוטי,3,4,211000,ILS,אומדן שוק 2025 (דמו),2025-08-28,דמו 2025 ל-Cursor; אמת מול מחירון ישראלי עדכני
MG,HS,2025,Premium,היברידי,היברידי,אוטומטי,3,4,177000,ILS,אומדן שוק 2025 (דמו),2025-08-28,דמו 2025 ל-Cursor; אמת מול מחירון ישראלי עדכני
MG,HS,2025,Premium,מנהלים,היברידי,רובוטי,5,7,212000,ILS,אומדן שוק 2025 (דמו),2025-08-28,דמו 2025 ל-Cursor; אמת מול מחירון ישראלי עדכני
MG,MG4,2025,Style,סטיישן,חשמלי,רובוטי,3,4,189000,ILS,אומדן שוק 2025 (דמו),2025-08-28,דמו 2025 ל-Cursor; אמת מול מחירון ישראלי עדכני
MG,MG4,2025,Style,היברידי,חשמלי,ידני,3,4,214000,ILS,אומדן שוק 2025 (דמו),2025-08-28,דמו 2025 ל-Cursor; אמת מול מחירון ישראלי עדכני
MG,MG5,2025,Base,מיניוואן,חשמלי,אוטומטי,3,4,172000,ILS,אומדן שוק 2025 (דמו),2025-08-28,דמו 2025 ל-Cursor; אמת מול מחירון ישראלי עדכני
MG,MG5,2025,Premium,מיני,חשמלי,אוטומטי,3,7,80000,ILS,אומדן שוק 2025 (דמו),2025-08-28,דמו 2025 ל-Cursor; אמת מול מחירון ישראלי עדכני
JAC,E10X,2025,Base,משפחתית,חשמלי,אוטומטי,3,4,176000,ILS,אומדן שוק 2025 (דמו),2025-08-28,דמו 2025 ל-Cursor; אמת מול מחירון ישראלי עדכני
JAC,E10X,2025,Premium,סטיישן,חשמלי,ידני,3,7,174000,ILS,אומדן שוק 2025 (דמו),2025-08-28,דמו 2025 ל-Cursor; אמת מול מחירון ישראלי עדכני
JAC,E-JS4,2025,Base,משפחתית,חשמלי,אוטומטי,5,7,145000,ILS,אומדן שוק 2025 (דמו),2025-08-28,דמו 2025 ל-Cursor; אמת מול מחירון ישראלי עדכני
JAC,E-JS4,2025,Comfort,מיניוואן,חשמלי,ידני,3,7,190000,ILS,אומדן שוק 2025 (דמו),2025-08-28,דמו 2025 ל-Cursor; אמת מול מחירון ישראלי עדכני
Chery,Tiggo 7 Pro,2025,Base,חשמלי,בנזין,אוטומטי,3,7,242000,ILS,אומדן שוק 2025 (דמו),2025-08-28,דמו 2025 ל-Cursor; אמת מול מחירון ישראלי עדכני
Chery,Tiggo 7 Pro,2025,Premium,SUV,בנזין,רובוטי,3,5,313000,ILS,אומדן שוק 2025 (דמו),2025-08-28,דמו 2025 ל-Cursor; אמת מול מחירון ישראלי עדכני
Chery,Tiggo 8 Pro,2025,Base,חשמלי,בנזין,רובוטי,5,4,170000,ILS,אומדן שוק 2025 (דמו),2025-08-28,דמו 2025 ל-Cursor; אמת מול מחירון ישראלי עדכני
Chery,Tiggo 8 Pro,2025,Comfort,סטיישן,בנזין,אוטומטי,5,7,157000,ILS,אומדן שוק 2025 (דמו),2025-08-28,דמו 2025 ל-Cursor; אמת מול מחירון ישראלי עדכני
Chery,Omoda 5,2025,Premium,מיני,בנזין,ידני,5,7,100000,ILS,אומדן שוק 2025 (דמו),2025-08-28,דמו 2025 ל-Cursor; אמת מול מחירון ישראלי עדכני
Chery,Omoda 5,2025,Comfort,קומפקטית,בנזין,רובוטי,5,7,139000,ILS,אומדן שוק 2025 (דמו),2025-08-28,דמו 2025 ל-Cursor; אמת מול מחירון ישראלי עדכני
Great Wall,Haval H2,2025,Premium,היברידי,בנזין,ידני,5,5,205000,ILS,אומדן שוק 2025 (דמו),2025-08-28,דמו 2025 ל-Cursor; אמת מול מחירון ישראלי עדכני
Great Wall,Haval H2,2025,Style,קרוסאובר,בנזין,ידני,5,7,157000,ILS,אומדן שוק 2025 (דמו),2025-08-28,דמו 2025 ל-Cursor; אמת מול מחירון ישראלי עדכני
Great Wall,Haval Jolion,2025,Comfort,מנהלים,בנזין,ידני,3,7,222000,ILS,אומדן שוק 2025 (דמו),2025-08-28,דמו 2025 ל-Cursor; אמת מול מחירון ישראלי עדכני
Great Wall,Haval Jolion,2025,Style,SUV,בנזין,אוטומטי,5,7,329000,ILS,אומדן שוק 2025 (דמו),2025-08-28,דמו 2025 ל-Cursor; אמת מול מחירון ישראלי עדכני
Great Wall,Ora Funky Cat,2025,Base,מנהלים,חשמלי,רובוטי,3,7,199000,ILS,אומדן שוק 2025 (דמו),2025-08-28,דמו 2025 ל-Cursor; אמת מול מחירון ישראלי עדכני
Great Wall,Ora Funky Cat,2025,Style,סופר־מיני,חשמלי,אוטומטי,5,5,102000,ILS,אומדן שוק 2025 (דמו),2025-08-28,דמו 2025 ל-Cursor; אמת מול מחירון ישראלי עדכני
Subaru,Impreza,2025,Premium,סופר־מיני,בנזין,ידני,3,4,112000,ILS,אומדן שוק 2025 (דמו),2025-08-28,דמו 2025 ל-Cursor; אמת מול מחירון ישראלי עדכני
Subaru,Impreza,2025,Base,סטיישן,בנזין,ידני,5,4,170000,ILS,אומדן שוק 2025 (דמו),2025-08-28,דמו 2025 ל-Cursor; אמת מול מחירון ישראלי עדכני
Subaru,XV (Crosstrek),2025,Premium,היברידי,בנזין,אוטומטי,5,4,189000,ILS,אומדן שוק 2025 (דמו),2025-08-28,דמו 2025 ל-Cursor; אמת מול מחירון ישראלי עדכני
Subaru,XV (Crosstrek),2025,Style,קומפקטית,בנזין,רובוטי,3,7,144000,ILS,אומדן שוק 2025 (דמו),2025-08-28,דמו 2025 ל-Cursor; אמת מול מחירון ישראלי עדכני
Subaru,Forester,2025,Comfort,מיניוואן,היברידי,רובוטי,3,7,168000,ILS,אומדן שוק 2025 (דמו),2025-08-28,דמו 2025 ל-Cursor; אמת מול מחירון ישראלי עדכני
Subaru,Forester,2025,Premium,חשמלי,בנזין,רובוטי,3,5,252000,ILS,אומדן שוק 2025 (דמו),2025-08-28,דמו 2025 ל-Cursor; אמת מול מחירון ישראלי עדכני
Subaru,Outback,2025,Style,היברידי,בנזין,רובוטי,5,4,152000,ILS,אומדן שוק 2025 (דמו),2025-08-28,דמו 2025 ל-Cursor; אמת מול מחירון ישראלי עדכני
Subaru,Outback,2025,Base,קומפקטית,היברידי,רובוטי,3,4,128000,ILS,אומדן שוק 2025 (דמו),2025-08-28,דמו 2025 ל-Cursor; אמת מול מחירון ישראלי עדכני
Fiat,500,2025,Comfort,חשמלי,היברידי,רובוטי,5,4,139000,ILS,אומדן שוק 2025 (דמו),2025-08-28,דמו 2025 ל-Cursor; אמת מול מחירון ישראלי עדכני
Fiat,500,2025,Style,SUV,בנזין,רובוטי,5,4,195000,ILS,אומדן שוק 2025 (דמו),2025-08-28,דמו 2025 ל-Cursor; אמת מול מחירון ישראלי עדכני
Fiat,Panda,2025,Premium,סטיישן,בנזין,אוטומטי,5,7,152000,ILS,אומדן שוק 2025 (דמו),2025-08-28,דמו 2025 ל-Cursor; אמת מול מחירון ישראלי עדכני
Fiat,Panda,2025,Premium,משפחתית,בנזין,רובוטי,5,4,147000,ILS,אומדן שוק 2025 (דמו),2025-08-28,דמו 2025 ל-Cursor; אמת מול מחירון ישראלי עדכני
Fiat,Tipo,2025,Premium,קומפקטית,בנזין,רובוטי,3,5,143000,ILS,אומדן שוק 2025 (דמו),2025-08-28,דמו 2025 ל-Cursor; אמת מול מחירון ישראלי עדכני
Fiat,Tipo,2025,Premium,מיניוואן,בנזין,ידני,3,5,204000,ILS,אומדן שוק 2025 (דמו),2025-08-28,דמו 2025 ל-Cursor; אמת מול מחירון ישראלי עדכני
Fiat,500X,2025,Base,SUV,היברידי,אוטומטי,3,5,327000,ILS,אומדן שוק 2025 (דמו),2025-08-28,דמו 2025 ל-Cursor; אמת מול מחירון ישראלי עדכני
Fiat,500X,2025,Base,סופר־מיני,בנזין,אוטומטי,3,7,98000,ILS,אומדן שוק 2025 (דמו),2025-08-28,דמו 2025 ל-Cursor; אמת מול מחירון ישראלי עדכני
Alfa Romeo,Giulia,2025,Base,משפחתית,בנזין,אוטומטי,5,5,158000,ILS,אומדן שוק 2025 (דמו),2025-08-28,דמו 2025 ל-Cursor; אמת מול מחירון ישראלי עדכני
Alfa Romeo,Giulia,2025,Comfort,מיניוואן,היברידי,ידני,3,7,227000,ILS,אומדן שוק 2025 (דמו),2025-08-28,דמו 2025 ל-Cursor; אמת מול מחירון ישראלי עדכני
Alfa Romeo,Tonale,2025,Base,קרוסאובר,היברידי,אוטומטי,5,4,179000,ILS,אומדן שוק 2025 (דמו),2025-08-28,דמו 2025 ל-Cursor; אמת מול מחירון ישראלי עדכני
Alfa Romeo,Tonale,2025,Base,קומפקטית,בנזין,אוטומטי,3,7,129000,ILS,אומדן שוק 2025 (דמו),2025-08-28,דמו 2025 ל-Cursor; אמת מול מחירון ישראלי עדכני
Alfa Romeo,Stelvio,2025,Premium,חשמלי,בנזין,אוטומטי,3,5,235000,ILS,אומדן שוק 2025 (דמו),2025-08-28,דמו 2025 ל-Cursor; אמת מול מחירון ישראלי עדכני
Alfa Romeo,Stelvio,2025,Comfort,קרוסאובר,היברידי,רובוטי,3,4,141000,ILS,אומדן שוק 2025 (דמו),2025-08-28,דמו 2025 ל-Cursor; אמת מול מחירון ישראלי עדכני
Jeep,Renegade,2025,Premium,היברידי,בנזין,אוטומטי,5,5,182000,ILS,אומדן שוק 2025 (דמו),2025-08-28,דמו 2025 ל-Cursor; אמת מול מחירון ישראלי עדכני
Jeep,Renegade,2025,Comfort,מיני,בנזין,רובוטי,3,5,82000,ILS,אומדן שוק 2025 (דמו),2025-08-28,דמו 2025 ל-Cursor; אמת מול מחירון ישראלי עדכני
Jeep,Compass,2025,Base,מנהלים,בנזין,רובוטי,5,7,225000,ILS,אומדן שוק 2025 (דמו),2025-08-28,דמו 2025 ל-Cursor; אמת מול מחירון ישראלי עדכני
Jeep,Compass,2025,Style,SUV,היברידי,רובוטי,3,4,315000,ILS,אומדן שוק 2025 (דמו),2025-08-28,דמו 2025 ל-Cursor; אמת מול מחירון ישראלי עדכני
Jeep,Cherokee,2025,Comfort,סופר־מיני,היברידי,אוטומטי,5,5,116000,ILS,אומדן שוק 2025 (דמו),2025-08-28,דמו 2025 ל-Cursor; אמת מול מחירון ישראלי עדכני
Jeep,Cherokee,2025,Style,SUV,בנזין,רובוטי,5,4,268000,ILS,אומדן שוק 2025 (דמו),2025-08-28,דמו 2025 ל-Cursor; אמת מול מחירון ישראלי עדכני
Jeep,Wrangler,2025,Base,מיניוואן,בנזין,רובוטי,3,7,195000,ILS,אומדן שוק 2025 (דמו),2025-08-28,דמו 2025 ל-Cursor; אמת מול מחירון ישראלי עדכני
Jeep,Wrangler,2025,Comfort,קרוסאובר,היברידי,אוטומטי,3,4,169000,ILS,אומדן שוק 2025 (דמו),2025-08-28,דמו 2025 ל-Cursor; אמת מול מחירון ישראלי עדכני
Porsche,Macan,2025,Premium,משפחתית,בנזין,אוטומטי,5,7,142000,ILS,אומדן שוק 2025 (דמו),2025-08-28,דמו 2025 ל-Cursor; אמת מול מחירון ישראלי עדכני
Porsche,Macan,2025,Style,SUV,בנזין,ידני,3,7,286000,ILS,אומדן שוק 2025 (דמו),2025-08-28,דמו 2025 ל-Cursor; אמת מול מחירון ישראלי עדכני
Porsche,Cayenne,2025,Premium,קרוסאובר,בנזין,רובוטי,5,5,154000,ILS,אומדן שוק 2025 (דמו),2025-08-28,דמו 2025 ל-Cursor; אמת מול מחירון ישראלי עדכני
Porsche,Cayenne,2025,Style,היברידי,היברידי,ידני,3,4,168000,ILS,אומדן שוק 2025 (דמו),2025-08-28,דמו 2025 ל-Cursor; אמת מול מחירון ישראלי עדכני
Porsche,Taycan,2025,Premium,מנהלים,חשמלי,ידני,5,4,182000,ILS,אומדן שוק 2025 (דמו),2025-08-28,דמו 2025 ל-Cursor; אמת מול מחירון ישראלי עדכני
Porsche,Taycan,2025,Comfort,סופר־מיני,חשמלי,ידני,5,7,109000,ILS,אומדן שוק 2025 (דמו),2025-08-28,דמו 2025 ל-Cursor; אמת מול מחירון ישראלי עדכני
Jaguar,E-Pace,2025,Comfort,מיני,חשמלי,ידני,5,5,91000,ILS,אומדן שוק 2025 (דמו),2025-08-28,דמו 2025 ל-Cursor; אמת מול מחירון ישראלי עדכני
Jaguar,E-Pace,2025,Comfort,חשמלי,חשמלי,רובוטי,3,7,178000,ILS,אומדן שוק 2025 (דמו),2025-08-28,דמו 2025 ל-Cursor; אמת מול מחירון ישראלי עדכני
Jaguar,F-Pace,2025,Style,מנהלים,בנזין,רובוטי,3,5,207000,ILS,אומדן שוק 2025 (דמו),2025-08-28,דמו 2025 ל-Cursor; אמת מול מחירון ישראלי עדכני
Jaguar,F-Pace,2025,Comfort,קומפקטית,בנזין,אוטומטי,5,7,147000,ILS,אומדן שוק 2025 (דמו),2025-08-28,דמו 2025 ל-Cursor; אמת מול מחירון ישראלי עדכני
Jaguar,I-Pace,2025,Base,סופר־מיני,חשמלי,אוטומטי,5,5,104000,ILS,אומדן שוק 2025 (דמו),2025-08-28,דמו 2025 ל-Cursor; אמת מול מחירון ישראלי עדכני
Jaguar,I-Pace,2025,Base,מיני,חשמלי,ידני,3,7,90000,ILS,אומדן שוק 2025 (דמו),2025-08-28,דמו 2025 ל-Cursor; אמת מול מחירון ישראלי עדכני
Mini,Cooper,2025,Premium,קומפקטית,בנזין,רובוטי,3,7,140000,ILS,אומדן שוק 2025 (דמו),2025-08-28,דמו 2025 ל-Cursor; אמת מול מחירון ישראלי עדכני
Mini,Cooper,2025,Style,SUV,היברידי,אוטומטי,3,5,231000,ILS,אומדן שוק 2025 (דמו),2025-08-28,דמו 2025 ל-Cursor; אמת מול מחירון ישראלי עדכני
Mini,Countryman,2025,Style,מיני,בנזין,אוטומטי,3,5,91000,ILS,אומדן שוק 2025 (דמו),2025-08-28,דמו 2025 ל-Cursor; אמת מול מחירון ישראלי עדכני
Mini,Countryman,2025,Comfort,SUV,בנזין,ידני,5,7,230000,ILS,אומדן שוק 2025 (דמו),2025-08-28,דמו 2025 ל-Cursor; אמת מול מחירון ישראלי עדכני
Mini,Clubman,2025,Base,סטיישן,בנזין,רובוטי,3,7,178000,ILS,אומדן שוק 2025 (דמו),2025-08-28,דמו 2025 ל-Cursor; אמת מול מחירון ישראלי עדכני
Mini,Clubman,2025,Premium,מיני,היברידי,ידני,3,4,87000,ILS,אומדן שוק 2025 (דמו),2025-08-28,דמו 2025 ל-Cursor; אמת מול מחירון ישראלי עדכני
Lexus,UX,2025,Style,מנהלים,בנזין,רובוטי,5,7,198000,ILS,אומדן שוק 2025 (דמו),2025-08-28,דמו 2025 ל-Cursor; אמת מול מחירון ישראלי עדכני
Lexus,UX,2025,Comfort,מיניוואן,בנזין,אוטומטי,5,4,170000,ILS,אומדן שוק 2025 (דמו),2025-08-28,דמו 2025 ל-Cursor; אמת מול מחירון ישראלי עדכני
Lexus,NX,2025,Style,משפחתית,היברידי,ידני,5,5,176000,ILS,אומדן שוק 2025 (דמו),2025-08-28,דמו 2025 ל-Cursor; אמת מול מחירון ישראלי עדכני
Lexus,NX,2025,Comfort,מיניוואן,בנזין,אוטומטי,5,7,174000,ILS,אומדן שוק 2025 (דמו),2025-08-28,דמו 2025 ל-Cursor; אמת מול מחירון ישראלי עדכני
Lexus,RX,2025,Comfort,קומפקטית,בנזין,אוטומטי,3,4,135000,ILS,אומדן שוק 2025 (דמו),2025-08-28,דמו 2025 ל-Cursor; אמת מול מחירון ישראלי עדכני
Lexus,RX,2025,Base,מיני,היברידי,ידני,5,4,86000,ILS,אומדן שוק 2025 (דמו),2025-08-28,דמו 2025 ל-Cursor; אמת מול מחירון ישראלי עדכני
Lexus,ES,2025,Base,מיני,חשמלי,ידני,5,4,95000,ILS,אומדן שוק 2025 (דמו),2025-08-28,דמו 2025 ל-Cursor; אמת מול מחירון ישראלי עדכני
Lexus,ES,2025,Style,משפחתית,חשמלי,אוטומטי,3,5,162000,ILS,אומדן שוק 2025 (דמו),2025-08-28,דמו 2025 ל-Cursor; אמת מול מחירון ישראלי עדכני
Infiniti,Q30,2025,Base,SUV,בנזין,רובוטי,5,7,208000,ILS,אומדן שוק 2025 (דמו),2025-08-28,דמו 2025 ל-Cursor; אמת מול מחירון ישראלי עדכני
Infiniti,Q30,2025,Base,מיניוואן,בנזין,רובוטי,3,5,183000,ILS,אומדן שוק 2025 (דמו),2025-08-28,דמו 2025 ל-Cursor; אמת מול מחירון ישראלי עדכני
Infiniti,Q50,2025,Comfort,קומפקטית,היברידי,רובוטי,5,5,129000,ILS,אומדן שוק 2025 (דמו),2025-08-28,דמו 2025 ל-Cursor; אמת מול מחירון ישראלי עדכני
Infiniti,Q50,2025,Premium,משפחתית,בנזין,אוטומטי,3,5,139000,ILS,אומדן שוק 2025 (דמו),2025-08-28,דמו 2025 ל-Cursor; אמת מול מחירון ישראלי עדכני
Infiniti,QX50,2025,Style,קרוסאובר,בנזין,רובוטי,3,5,142000,ILS,אומדן שוק 2025 (דמו),2025-08-28,דמו 2025 ל-Cursor; אמת מול מחירון ישראלי עדכני
Infiniti,QX50,2025,Comfort,קומפקטית,היברידי,ידני,3,7,136000,ILS,אומדן שוק 2025 (דמו),2025-08-28,דמו 2025 ל-Cursor; אמת מול מחירון ישראלי עדכני
Seat/Cupra,Formentor,2025,Premium,SUV,בנזין,אוטומטי,5,4,333000,ILS,אומדן שוק 2025 (דמו),2025-08-28,דמו 2025 ל-Cursor; אמת מול מחירון ישראלי עדכני
Seat/Cupra,Formentor,2025,Premium,מיניוואן,היברידי,אוטומטי,5,4,237000,ILS,אומדן שוק 2025 (דמו),2025-08-28,דמו 2025 ל-Cursor; אמת מול מחירון ישראלי עדכני
Seat/Cupra,Born,2025,Premium,משפחתית,בנזין,אוטומטי,5,4,140000,ILS,אומדן שוק 2025 (דמו),2025-08-28,דמו 2025 ל-Cursor; אמת מול מחירון ישראלי עדכני
Seat/Cupra,Born,2025,Comfort,סטיישן,היברידי,רובוטי,5,7,140000,ILS,אומדן שוק 2025 (דמו),2025-08-28,דמו 2025 ל-Cursor; אמת מול מחירון ישראלי עדכני
Land Rover,Discovery Sport,2025,Comfort,חשמלי,היברידי,אוטומטי,3,4,125000,ILS,אומדן שוק 2025 (דמו),2025-08-28,דמו 2025 ל-Cursor; אמת מול מחירון ישראלי עדכני
Land Rover,Discovery Sport,2025,Comfort,קומפקטית,בנזין,ידני,3,5,119000,ILS,אומדן שוק 2025 (דמו),2025-08-28,דמו 2025 ל-Cursor; אמת מול מחירון ישראלי עדכני
Land Rover,Defender,2025,Premium,משפחתית,בנזין,ידני,3,4,151000,ILS,אומדן שוק 2025 (דמו),2025-08-28,דמו 2025 ל-Cursor; אמת מול מחירון ישראלי עדכני
Land Rover,Defender,2025,Style,חשמלי,בנזין,ידני,5,4,125000,ILS,אומדן שוק 2025 (דמו),2025-08-28,דמו 2025 ל-Cursor; אמת מול מחירון ישראלי עדכני
Land Rover,Range Rover Evoque,2025,Comfort,קומפקטית,בנזין,ידני,3,5,129000,ILS,אומדן שוק 2025 (דמו),2025-08-28,דמו 2025 ל-Cursor; אמת מול מחירון ישראלי עדכני
Land Rover,Range Rover Evoque,2025,Style,היברידי,בנזין,רובוטי,3,4,175000,ILS,אומדן שוק 2025 (דמו),2025-08-28,דמו 2025 ל-Cursor; אמת מול מחירון ישראלי עדכני
Peugeot-Citroën DS,DS3,2025,Comfort,סטיישן,בנזין,רובוטי,5,5,161000,ILS,אומדן שוק 2025 (דמו),2025-08-28,דמו 2025 ל-Cursor; אמת מול מחירון ישראלי עדכני
Peugeot-Citroën DS,DS3,2025,Base,היברידי,היברידי,ידני,3,5,157000,ILS,אומדן שוק 2025 (דמו),2025-08-28,דמו 2025 ל-Cursor; אמת מול מחירון ישראלי עדכני
Peugeot-Citroën DS,DS4,2025,Premium,היברידי,בנזין,אוטומטי,3,4,174000,ILS,אומדן שוק 2025 (דמו),2025-08-28,דמו 2025 ל-Cursor; אמת מול מחירון ישראלי עדכני
Peugeot-Citroën DS,DS4,2025,Base,מנהלים,בנזין,ידני,5,7,218000,ILS,אומדן שוק 2025 (דמו),2025-08-28,דמו 2025 ל-Cursor; אמת מול מחירון ישראלי עדכני
Peugeot-Citroën DS,DS7,2025,Base,קרוסאובר,היברידי,אוטומטי,5,5,190000,ILS,אומדן שוק 2025 (דמו),2025-08-28,דמו 2025 ל-Cursor; אמת מול מחירון ישראלי עדכני
Peugeot-Citroën DS,DS7,2025,Comfort,סופר־מיני,היברידי,ידני,5,5,93000,ILS,אומדן שוק 2025 (דמו),2025-08-28,דמו 2025 ל-Cursor; אמת מול מחירון ישראלי עדכני
Peugeot-Citroën Opel/Vauxhall,Crossland,2025,Base,מיני,בנזין,אוטומטי,5,4,96000,ILS,אומדן שוק 2025 (דמו),2025-08-28,דמו 2025 ל-Cursor; אמת מול מחירון ישראלי עדכני
Peugeot-Citroën Opel/Vauxhall,Crossland,2025,Style,מיניוואן,בנזין,רובוטי,3,7,203000,ILS,אומדן שוק 2025 (דמו),2025-08-28,דמו 2025 ל-Cursor; אמת מול מחירון ישראלי עדכני
Peugeot-Citroën Opel/Vauxhall,Combo Life,2025,Style,היברידי,היברידי,ידני,5,4,166000,ILS,אומדן שוק 2025 (דמו),2025-08-28,דמו 2025 ל-Cursor; אמת מול מחירון ישראלי עדכני
Peugeot-Citroën Opel/Vauxhall,Combo Life,2025,Base,SUV,בנזין,אוטומטי,5,5,201000,ILS,אומדן שוק 2025 (דמו),2025-08-28,דמו 2025 ל-Cursor; אמת מול מחירון ישראלי עדכני
